model,version,k,p50_ms,p95_ms
popularity,v0.1,10,0.1828499989642296,0.4876200011494801
itemcf,v0.1,10,41.061150001041824,251.40400499331002
als,v0.2,10,0.4868000032729469,1.043369999024435
