{
  "popularity": {
    "p50_ms": 8.300412446260452e-05,
    "p95_ms": 0.00012500095181167126
  },
  "itemcf": {
    "p50_ms": 0.02145799226127565,
    "p95_ms": 0.028419058071449396
  },
  "als": {
    "p50_ms": 0.0635834876447916,
    "p95_ms": 0.07358605071203783
  },
  "ncf": {
    "p50_ms": 0.03554098657332361,
    "p95_ms": 0.04944730462739241
  }
}