model,k,HR@K,NDCG@K,train_seconds,model_size_MB
ncf,10,0.14536423841059604,0.07045417717989112,329.0588400363922,5.28
als,10,0.09884105960264901,0.04895005937591766,3.080286979675293,2.58
itemcf,10,0.07533112582781457,0.04011580792990283,6.231078863143921,90.52
popularity,10,0.04370860927152318,0.022321808520540696,1.1182470321655273,0.01
