{
  "model": "itemcf",
  "k": 10,
  "hr@k": 0.07533112582781457,
  "ndcg@k": 0.04011580792990283,
  "train_seconds": 6.231078863143921,
  "model_size_bytes": 90517548
}