{
  "schema_match": true,
  "missing_cols": [],
  "drift_metrics": {
    "user": {
      "kl_divergence": 0.49094649982751287,
      "wasserstein": 0.0001327833653248971,
      "psi": 0.005482965816074501,
      "missing_ratio": 0.0,
      "outlier_fraction": 0.0
    },
    "item": {
      "kl_divergence": 2.4302978586759387,
      "wasserstein": 6.075867999173699e-05,
      "psi": 0.07622101454535507,
      "missing_ratio": 0.0,
      "outlier_fraction": 0.0
    }
  },
  "aggregate": {
    "avg_kl": 1.4606221792517258,
    "avg_psi": 0.04085199018071479,
    "avg_missing": 0.0,
    "avg_outliers": 0.0
  }
}