{
  "model": "popularity",
  "k": 10,
  "hr@k": 0.04370860927152318,
  "ndcg@k": 0.022321808520540696,
  "train_seconds": 1.1182470321655273,
  "model_size_bytes": 10882
}