{
  "model": "als",
  "k": 10,
  "factors": 64,
  "reg": 0.01,
  "iters": 15,
  "hr@k": 0.09884105960264901,
  "ndcg@k": 0.04895005937591766,
  "train_seconds": 3.13189697265625,
  "model_size_bytes": 2581932
}