{
  "model": "ncf",
  "emb": 128,
  "epochs": 15,
  "batch": 8192,
  "neg": 8,
  "lr": 0.001,
  "k": 10,
  "hr@k": 0.13725165562913907,
  "ndcg@k": 0.06685163005189132,
  "train_seconds": 376.4692871570587,
  "model_size_bytes": 5284584,
  "n_users": 6040,
  "n_items": 3952
}