{
  "model": "ncf",
  "emb": 128,
  "epochs": 15,
  "batch": 8192,
  "neg": 8,
  "lr": 0.001,
  "k": 10,
  "hr@k": 0.14536423841059604,
  "ndcg@k": 0.07045417717989112,
  "train_seconds": 329.0588400363922,
  "model_size_bytes": 5284584
}