{
  "model": "ncf",
  "emb": 128,
  "epochs": 15,
  "batch": 8192,
  "neg": 8,
  "lr": 0.001,
  "k": 10,
  "hr@k": 0.13725165562913907,
  "ndcg@k": 0.06685163005189132,
  "train_seconds": 376.4692871570587,
  "model_size_bytes": 5284584,
  "n_users": 6040,
  "n_items": 3952,
  "version": {
    "name": "v_ncf",
    "git_sha": "ab9511e72012122790a1a12304ca0b9ff834135c",
    "data_snapshot_id": "ml1m_20231115",
    "created_at": "2025-11-20T02:30:00Z"
  }
}